Date,Market_Name,Commodity,Modal_Price,Min_Price,Max_Price
2024-01-01,Kurukshetra,Tomato,2024.8357076505617,1822.3521368855056,2227.319278415618
2024-01-02,Kurukshetra,Tomato,2017.9224925920023,1816.1302433328021,2219.7147418512027
2024-01-03,Kurukshetra,Tomato,2050.306919497037,1845.2762275473335,2255.337611446741
2024-01-04,Kurukshetra,Tomato,2126.458412317438,1913.8125710856943,2339.104253549182
2024-01-05,Kurukshetra,Tomato,2114.7507435812713,1903.2756692231442,2326.2258179393984
2024-01-06,Kurukshetra,Tomato,2103.0438957338124,1892.7395061604311,2313.3482853071937
2024-01-07,Kurukshetra,Tomato,2182.004536509182,1963.8040828582637,2400.2049901601004
2024-01-08,Kurukshetra,Tomato,2220.3762729668274,1998.3386456701446,2442.41390026351
2024-01-09,Kurukshetra,Tomato,2196.90255367008,1977.2122983030722,2416.5928090370885
2024-01-10,Kurukshetra,Tomato,2224.0305558493783,2001.6275002644404,2446.4336114343164
2024-01-11,Kurukshetra,Tomato,2200.859671208755,1980.7737040878797,2420.945638329631
2024-01-12,Kurukshetra,Tomato,2177.573183530242,1959.815865177218,2395.3305018832666
2024-01-13,Kurukshetra,Tomato,2189.671297108544,1970.7041673976896,2408.638426819399
2024-01-14,Kurukshetra,Tomato,2094.007284875654,1884.6065563880886,2303.4080133632197
2024-01-15,Kurukshetra,Tomato,2007.7613932500024,1806.985253925002,2208.537532575003
2024-01-16,Kurukshetra,Tomato,1979.6470167879536,1781.6823151091583,2177.611718466749
2024-01-17,Kurukshetra,Tomato,1929.0054607712325,1736.1049146941093,2121.906006848356
2024-01-18,Kurukshetra,Tomato,1944.7178274009962,1750.2460446608966,2139.1896101410957
2024-01-19,Kurukshetra,Tomato,1899.3166236249356,1709.384961262442,2089.2482859874294
2024-01-20,Kurukshetra,Tomato,1828.701438558171,1645.831294702354,2011.5715824139884
2024-01-21,Kurukshetra,Tomato,1901.9838770042488,1711.785489303824,2092.182264704674
2024-01-22,Kurukshetra,Tomato,1890.695061979922,1701.6255557819297,2079.7645681779145
2024-01-23,Kurukshetra,Tomato,1894.0714722143182,1704.6643249928863,2083.4786194357503
2024-01-24,Kurukshetra,Tomato,1822.8340629036454,1640.5506566132808,2005.11746919401
2024-01-25,Kurukshetra,Tomato,1795.6149266773862,1616.0534340096476,1975.176419345125
2024-01-26,Kurukshetra,Tomato,1801.1610561628795,1621.0449505465915,1981.2771617791677
2024-01-27,Kurukshetra,Tomato,1743.6113772917643,1569.250239562588,1917.9725150209408
2024-01-28,Kurukshetra,Tomato,1762.396278209048,1586.1566503881431,1938.6359060299528
2024-01-29,Kurukshetra,Tomato,1732.3643437131077,1559.127909341797,1905.6007780844186
2024-01-30,Kurukshetra,Tomato,1717.779656223444,1546.0016906010997,1889.5576218457884
2024-01-31,Kurukshetra,Tomato,1687.694325611974,1518.9248930507765,1856.4637581731715
2024-02-01,Kurukshetra,Tomato,1780.308234837421,1602.2774113536789,1958.3390583211633
2024-02-02,Kurukshetra,Tomato,1779.6333736005242,1601.6700362404717,1957.5967109605767
2024-02-03,Kurukshetra,Tomato,1726.7478271527293,1554.0730444374565,1899.4226098680024
2024-02-04,Kurukshetra,Tomato,1767.8750727578886,1591.0875654820998,1944.6625800336776
2024-02-05,Kurukshetra,Tomato,1706.8328902593375,1536.149601233404,1877.5161792852714
2024-02-06,Kurukshetra,Tomato,1717.2760700095753,1545.5484630086178,1889.003677010533
2024-02-07,Kurukshetra,Tomato,1619.2925638155866,1457.363307434028,1781.2218201971455
2024-02-08,Kurukshetra,Tomato,1552.883261370665,1397.5949352335986,1708.1715875077316
2024-02-09,Kurukshetra,Tomato,1562.7263231641211,1406.4536908477091,1718.9989554805334
2024-02-10,Kurukshetra,Tomato,1599.6496521638917,1439.6846869475025,1759.614617380281
2024-02-11,Kurukshetra,Tomato,1608.2180662233902,1447.3962596010513,1769.0398728457294
2024-02-12,Kurukshetra,Tomato,1602.435652103978,1442.1920868935804,1762.679217314376
2024-02-13,Kurukshetra,Tomato,1587.3804673245138,1428.6424205920625,1746.1185140569653
2024-02-14,Kurukshetra,Tomato,1513.4543678061425,1362.1089310255284,1664.7998045867569
2024-02-15,Kurukshetra,Tomato,1477.462157386407,1329.7159416477664,1625.2083731250477
2024-02-16,Kurukshetra,Tomato,1454.4302188384177,1308.987196954576,1599.8732407222597
2024-02-17,Kurukshetra,Tomato,1507.2863301493635,1356.5576971344271,1658.0149631643
2024-02-18,Kurukshetra,Tomato,1524.4672446277864,1372.0205201650078,1676.9139690905652
2024-02-19,Kurukshetra,Tomato,1436.3152368596498,1292.6837131736847,1579.9467605456148
2024-02-20,Kurukshetra,Tomato,1452.5194353293896,1307.2674917964507,1597.7713788623287
2024-02-21,Kurukshetra,Tomato,1433.2653213085737,1289.9387891777164,1576.5918534394311
2024-02-22,Kurukshetra,Tomato,1399.4192212932758,1259.4772991639481,1539.3611434226034
2024-02-23,Kurukshetra,Tomato,1430.0030357353191,1287.0027321617872,1573.003339308851
2024-02-24,Kurukshetra,Tomato,1481.5530118601168,1333.3977106741052,1629.7083130461288
2024-02-25,Kurukshetra,Tomato,1528.1170178159266,1375.305316034334,1680.9287195975194
2024-02-26,Kurukshetra,Tomato,1486.1561416547947,1337.5405274893153,1634.7717558202744
2024-02-27,Kurukshetra,Tomato,1470.6955228622342,1323.6259705760108,1617.7650751484578
2024-02-28,Kurukshetra,Tomato,1487.258694432412,1338.5328249891709,1635.9845638756535
2024-02-29,Kurukshetra,Tomato,1536.03595078853,1382.432355709677,1689.6395458673833
2024-03-01,Kurukshetra,Tomato,1512.0772388962657,1360.8695150066392,1663.2849627858925
2024-03-02,Kurukshetra,Tomato,1502.7942900630749,1352.5148610567674,1653.0737190693824
2024-03-03,Kurukshetra,Tomato,1447.4775413627735,1302.7297872264962,1592.225295499051
2024-03-04,Kurukshetra,Tomato,1387.6672101587399,1248.9004891428658,1526.433931174614
2024-03-05,Kurukshetra,Tomato,1428.2935012784496,1285.4641511506047,1571.1228514062948
2024-03-06,Kurukshetra,Tomato,1496.105502706991,1346.494952436292,1645.7160529776902
2024-03-07,Kurukshetra,Tomato,1492.5049966279744,1343.254496965177,1641.755496290772
2024-03-08,Kurukshetra,Tomato,1542.6816415225755,1388.413477370318,1696.9498056748332
2024-03-09,Kurukshetra,Tomato,1560.7634427749572,1404.6870984974614,1716.839787052453
2024-03-10,Kurukshetra,Tomato,1528.507455044701,1375.6567095402308,1681.3582005491712
2024-03-11,Kurukshetra,Tomato,1546.5772353201216,1391.9195117881095,1701.234958852134
2024-03-12,Kurukshetra,Tomato,1623.47906364342,1461.131157279078,1785.8269700077622
2024-03-13,Kurukshetra,Tomato,1621.6877616879224,1459.5189855191302,1783.8565378567148
2024-03-14,Kurukshetra,Tomato,1699.9199444786227,1529.9279500307605,1869.9119389264852
2024-03-15,Kurukshetra,Tomato,1568.9326892741356,1412.039420346722,1725.8259582015492
2024-03-16,Kurukshetra,Tomato,1610.0278144928968,1449.0250330436072,1771.0305959421867
2024-03-17,Kurukshetra,Tomato,1614.3801679048054,1452.9421511143248,1775.8181846952862
2024-03-18,Kurukshetra,Tomato,1599.429800381512,1439.486820343361,1759.3727804196633
2024-03-19,Kurukshetra,Tomato,1604.0178392082871,1443.6160552874585,1764.419623129116
2024-03-20,Kurukshetra,Tomato,1504.6393934782425,1354.1754541304183,1655.103332826067
2024-03-21,Kurukshetra,Tomato,1493.6557990863669,1344.2902191777303,1643.0213789950037
2024-03-22,Kurukshetra,Tomato,1511.5114276619543,1360.360284895759,1662.6625704281498
2024-03-23,Kurukshetra,Tomato,1585.40612989903,1426.865516909127,1743.9467428889332
2024-03-24,Kurukshetra,Tomato,1559.4926189853477,1403.5433570868129,1715.4418808838825
2024-03-25,Kurukshetra,Tomato,1519.0679388406884,1367.1611449566196,1670.9747327247574
2024-03-26,Kurukshetra,Tomato,1493.9800866614614,1344.5820779953153,1643.3780953276078
2024-03-27,Kurukshetra,Tomato,1539.7501925465651,1385.7751732919087,1693.7252118012218
2024-03-28,Kurukshetra,Tomato,1556.1877480295493,1400.5689732265944,1711.8065228325045
2024-03-29,Kurukshetra,Tomato,1529.6997378411975,1376.7297640570778,1682.6697116253174
2024-03-30,Kurukshetra,Tomato,1555.3631094968653,1399.8267985471787,1710.8994204465519
2024-03-31,Kurukshetra,Tomato,1560.216986964267,1404.1952882678404,1716.238685660694
2024-04-01,Kurukshetra,Tomato,1608.6492364909118,1447.7843128418206,1769.514160140003
2024-04-02,Kurukshetra,Tomato,1573.546581797044,1416.1919236173396,1730.9012399767485
2024-04-03,Kurukshetra,Tomato,1557.1634744671555,1401.4471270204401,1712.8798219138712
2024-04-04,Kurukshetra,Tomato,1537.5580668105476,1383.8022601294929,1691.3138734916026
2024-04-05,Kurukshetra,Tomato,1464.382319403942,1317.9440874635477,1610.8205513443363
2024-04-06,Kurukshetra,Tomato,1479.1883332571706,1331.2694999314535,1627.1071665828879
2024-04-07,Kurukshetra,Tomato,1492.2410968661652,1343.0169871795488,1641.4652065527819
2024-04-08,Kurukshetra,Tomato,1492.496769698288,1343.2470927284594,1641.746446668117
2024-04-09,Kurukshetra,Tomato,1480.7674130295309,1332.6906717265779,1628.844154332484
2024-04-10,Kurukshetra,Tomato,1409.9988759270102,1268.9989883343092,1550.9987635197112
2024-04-11,Kurukshetra,Tomato,1388.9666097887423,1250.069948809868,1527.8632707676165
2024-04-12,Kurukshetra,Tomato,1371.8308839624037,1234.6477955661635,1509.0139723586442
2024-04-13,Kurukshetra,Tomato,1331.7170205013228,1198.5453184511905,1464.8887225514552
2024-04-14,Kurukshetra,Tomato,1323.6527349180224,1191.2874614262203,1456.0180084098247
2024-04-15,Kurukshetra,Tomato,1343.8552777587493,1209.4697499828744,1478.2408055346243
2024-04-16,Kurukshetra,Tomato,1438.1645728192757,1294.3481155373481,1581.9810301012035
2024-04-17,Kurukshetra,Tomato,1446.8934634608677,1302.204117114781,1591.5828098069546
2024-04-18,Kurukshetra,Tomato,1459.770982997006,1313.7938846973054,1605.7480812967067
2024-04-19,Kurukshetra,Tomato,1456.0486872086976,1310.443818487828,1601.6535559295676
2024-04-20,Kurukshetra,Tomato,1360.1101264437457,1224.0991137993713,1496.1211390881203
2024-04-21,Kurukshetra,Tomato,1358.7844326712848,1222.9059894041563,1494.6628759384134
2024-04-22,Kurukshetra,Tomato,1361.7959431683362,1225.6163488515026,1497.97553748517
2024-04-23,Kurukshetra,Tomato,1484.9580487926005,1336.4622439133404,1633.4538536718608
2024-04-24,Kurukshetra,Tomato,1475.3400005535443,1327.8060004981899,1622.8740006088988
2024-04-25,Kurukshetra,Tomato,1490.4173676702248,1341.3756309032024,1639.4591044372476
2024-04-26,Kurukshetra,Tomato,1488.6817791849628,1339.8136012664665,1637.5499571034593
2024-04-27,Kurukshetra,Tomato,1430.2478773039861,1287.2230895735875,1573.2726650343848
2024-04-28,Kurukshetra,Tomato,1487.3890180297371,1338.6501162267634,1636.127919832711
2024-04-29,Kurukshetra,Tomato,1524.9856696640759,1372.4871026976684,1677.4842366304836
2024-04-30,Kurukshetra,Tomato,1564.5372670162283,1408.0835403146054,1720.9909937178513
2024-05-01,Kurukshetra,Tomato,1519.0678942764912,1367.1611048488421,1670.9746837041405
2024-05-02,Kurukshetra,Tomato,1589.2076098232963,1430.2868488409667,1748.128370805626
2024-05-03,Kurukshetra,Tomato,1519.1150566836823,1367.2035510153141,1671.0265623520506
2024-05-04,Kurukshetra,Tomato,1548.4579113736957,1393.612120236326,1703.3037025110655
2024-05-05,Kurukshetra,Tomato,1657.9806926641945,1492.1826233977752,1823.778761930614
2024-05-06,Kurukshetra,Tomato,1608.4538764076601,1447.6084887668942,1769.2992640484263
2024-05-07,Kurukshetra,Tomato,1580.1389899275216,1422.1250909347696,1738.1528889202739
2024-05-08,Kurukshetra,Tomato,1585.1215581819038,1426.6094023637133,1743.6337140000942
2024-05-09,Kurukshetra,Tomato,1559.9477754760937,1403.9529979284844,1715.9425530237033
2024-05-10,Kurukshetra,Tomato,1482.4146039227871,1334.1731435305085,1630.656064315066
2024-05-11,Kurukshetra,Tomato,1485.8427526630885,1337.2584773967797,1634.4270279293976
2024-05-12,Kurukshetra,Tomato,1432.7275669767832,1289.454810279105,1576.0003236744617
2024-05-13,Kurukshetra,Tomato,1456.4071885085423,1310.766469657688,1602.0479073593967
2024-05-14,Kurukshetra,Tomato,1410.435976796852,1269.3923791171667,1551.4795744765372
2024-05-15,Kurukshetra,Tomato,1487.9326970477289,1339.139427342956,1636.7259667525018
2024-05-16,Kurukshetra,Tomato,1448.7700324309171,1303.8930291878255,1593.647035674009
2024-05-17,Kurukshetra,Tomato,1432.6669566206333,1289.40026095857,1575.9336522826968
2024-05-18,Kurukshetra,Tomato,1473.3428174891167,1326.008535740205,1620.6770992380284
2024-05-19,Kurukshetra,Tomato,1411.7996016674188,1270.6196415006768,1552.9795618341607
2024-05-20,Kurukshetra,Tomato,1423.1725983976253,1280.8553385578628,1565.489858237388
2024-05-21,Kurukshetra,Tomato,1488.5297361117468,1339.6767625005723,1637.3827097229216
2024-05-22,Kurukshetra,Tomato,1408.1555743836855,1267.3400169453168,1548.971131822054
2024-05-23,Kurukshetra,Tomato,1417.3872673103006,1275.6485405792705,1559.1259940413308
2024-05-24,Kurukshetra,Tomato,1430.3814070227218,1287.3432663204496,1573.4195477249941
2024-05-25,Kurukshetra,Tomato,1469.4725506115874,1322.5252955504286,1616.4198056727462
2024-05-26,Kurukshetra,Tomato,1407.6250150676833,1266.862513560915,1548.3875165744519
2024-05-27,Kurukshetra,Tomato,1341.6021844134693,1207.4419659721225,1475.7624028548164
2024-05-28,Kurukshetra,Tomato,1367.6992626943143,1230.9293364248829,1504.4691889637459
2024-05-29,Kurukshetra,Tomato,1382.5484963559738,1244.2936467203765,1520.8033459915714
2024-05-30,Kurukshetra,Tomato,1395.0731388732675,1255.5658249859407,1534.5804527605944
2024-05-31,Kurukshetra,Tomato,1412.3955493481162,1271.1559944133046,1553.635104282928
2024-06-01,Kurukshetra,Tomato,1378.3943132691918,1240.5548819422727,1516.2337445961111
2024-06-02,Kurukshetra,Tomato,1390.006998127242,1251.0062983145178,1529.0076979399664
2024-06-03,Kurukshetra,Tomato,1404.6606217921762,1264.1945596129588,1545.126683971394
2024-06-04,Kurukshetra,Tomato,1368.9430508908576,1232.048745801772,1505.8373559799436
2024-06-05,Kurukshetra,Tomato,1462.2317764480956,1316.008598803286,1608.4549540929054
2024-06-06,Kurukshetra,Tomato,1485.923422493685,1337.3310802443166,1634.5157647430535
2024-06-07,Kurukshetra,Tomato,1426.3582476335525,1283.7224228701973,1568.994072396908
2024-06-08,Kurukshetra,Tomato,1459.185928065244,1313.2673352587196,1605.1045208717685
2024-06-09,Kurukshetra,Tomato,1410.451844553878,1269.4066600984902,1551.4970290092658
2024-06-10,Kurukshetra,Tomato,1449.8060747410007,1304.8254672669007,1594.7866822151009
2024-06-11,Kurukshetra,Tomato,1507.7358536913707,1356.9622683222337,1658.509439060508
2024-06-12,Kurukshetra,Tomato,1466.7017377737852,1320.0315639964067,1613.371911551164
2024-06-13,Kurukshetra,Tomato,1514.8705442360015,1363.3834898124014,1666.3575986596018
2024-06-14,Kurukshetra,Tomato,1535.5095905828264,1381.9586315245438,1689.0605496411092
2024-06-15,Kurukshetra,Tomato,1576.6125985825508,1418.9513387242957,1734.2738584408062
2024-06-16,Kurukshetra,Tomato,1671.4522477152482,1504.3070229437235,1838.597472486773
2024-06-17,Kurukshetra,Tomato,1659.1828419151047,1493.2645577235944,1825.1011261066153
2024-06-18,Kurukshetra,Tomato,1621.4960336972301,1459.346430327507,1783.6456370669532
2024-06-19,Kurukshetra,Tomato,1577.0203122159542,1419.3182809943587,1734.7223434375496
2024-06-20,Kurukshetra,Tomato,1536.229797967682,1382.6068181709138,1689.8527777644504
2024-06-21,Kurukshetra,Tomato,1532.3747124969768,1379.1372412472792,1685.6121837466746
2024-06-22,Kurukshetra,Tomato,1549.4323112378092,1394.4890801140284,1704.3755423615903
2024-06-23,Kurukshetra,Tomato,1563.2668512043101,1406.9401660838791,1719.5935363247413
2024-06-24,Kurukshetra,Tomato,1604.6260136561114,1444.1634122905002,1765.0886150217227
2024-06-25,Kurukshetra,Tomato,1605.2761082500065,1444.7484974250058,1765.8037190750072
2024-06-26,Kurukshetra,Tomato,1677.9528121078724,1510.1575308970853,1845.7480933186598
2024-06-27,Kurukshetra,Tomato,1664.7199704459747,1498.2479734013773,1831.1919674905723
2024-06-28,Kurukshetra,Tomato,1800.7284287754555,1620.65558589791,1980.8012716530013
2024-06-29,Kurukshetra,Tomato,1832.0117961637059,1648.8106165473353,2015.2129757800767
2024-06-30,Kurukshetra,Tomato,1789.1539183428918,1610.2385265086027,1968.069310177181
2024-07-01,Kurukshetra,Tomato,1735.6092934398362,1562.0483640958525,1909.17022278382
2024-07-02,Kurukshetra,Tomato,1759.7329142019955,1583.759622781796,1935.7062056221953
2024-07-03,Kurukshetra,Tomato,1748.559774935703,1573.7037974421328,1923.4157524292734
2024-07-04,Kurukshetra,Tomato,1784.2597996403074,1605.8338196762768,1962.6857796043382
2024-07-05,Kurukshetra,Tomato,1807.9216808689848,1627.1295127820863,1988.7138489558836
2024-07-06,Kurukshetra,Tomato,1804.2802352361412,1623.8522117125272,1984.7082587597554
2024-07-07,Kurukshetra,Tomato,1761.9405493327208,1585.7464943994487,1938.134604265993
2024-07-08,Kurukshetra,Tomato,1686.1981880984276,1517.578369288585,1854.8180069082705
2024-07-09,Kurukshetra,Tomato,1663.8724404950767,1497.485196445569,1830.2596845445846
2024-07-10,Kurukshetra,Tomato,1706.69238021125,1536.023142190125,1877.3616182323753
2024-07-11,Kurukshetra,Tomato,1717.3970674177604,1545.6573606759844,1889.1367741595366
2024-07-12,Kurukshetra,Tomato,1655.1101284821611,1489.599115633945,1820.6211413303774
2024-07-13,Kurukshetra,Tomato,1663.76917477472,1497.392257297248,1830.1460922521924
2024-07-14,Kurukshetra,Tomato,1683.035043761162,1514.7315393850458,1851.3385481372782
2024-07-15,Kurukshetra,Tomato,1638.8421719511052,1474.9579547559947,1802.726389146216
2024-07-16,Kurukshetra,Tomato,1646.5284272483816,1481.8755845235435,1811.18126997322
2024-07-17,Kurukshetra,Tomato,1649.4388631706815,1484.4949768536135,1814.3827494877498
2024-07-18,Kurukshetra,Tomato,1592.2903482791505,1433.0613134512355,1751.5193831070658
2024-07-19,Kurukshetra,Tomato,1610.1797162965647,1449.1617446669084,1771.1976879262213
2024-07-20,Kurukshetra,Tomato,1638.2189426149764,1474.3970483534788,1802.0408368764743
2024-07-21,Kurukshetra,Tomato,1692.3715047737403,1523.1343542963664,1861.6086552511144
2024-07-22,Kurukshetra,Tomato,1745.0616073754854,1570.555446637937,1919.5677681130342
2024-07-23,Kurukshetra,Tomato,1676.1781389776309,1508.5603250798679,1843.795952875394
2024-07-24,Kurukshetra,Tomato,1629.2868869818747,1466.3581982836872,1792.2155756800623
2024-07-25,Kurukshetra,Tomato,1655.0386503423078,1489.534785308077,1820.5425153765389
2024-07-26,Kurukshetra,Tomato,1680.7279478879182,1512.6551530991264,1848.8007426767101
2024-07-27,Kurukshetra,Tomato,1706.4803322032205,1535.8322989828985,1877.1283654235428
2024-07-28,Kurukshetra,Tomato,1899.1169067359565,1709.205216062361,2089.0285974095523
2024-07-29,Kurukshetra,Tomato,1927.661432270615,1734.8952890435535,2120.4275754976766
2024-07-30,Kurukshetra,Tomato,1984.439714279645,1785.9957428516805,2182.8836857076094
2024-07-31,Kurukshetra,Tomato,2032.139802454305,1828.9258222088745,2235.353782699736
2024-08-01,Kurukshetra,Tomato,2064.7093650195948,1858.2384285176354,2271.1803015215546
2024-08-02,Kurukshetra,Tomato,2048.945902787578,1844.05131250882,2253.840493066336
2024-08-03,Kurukshetra,Tomato,2086.894363812241,1878.2049274310168,2295.5838001934653
2024-08-04,Kurukshetra,Tomato,2048.2531030853625,1843.4277927768262,2253.0784133938987
2024-08-05,Kurukshetra,Tomato,2036.412172748362,1832.7709554735259,2240.0533900231985
2024-08-06,Kurukshetra,Tomato,2012.1439953569068,1810.929595821216,2213.3583948925975
2024-08-07,Kurukshetra,Tomato,2016.237702326223,1814.6139320936006,2217.8614725588454
2024-08-08,Kurukshetra,Tomato,2131.9706306598982,1918.7735675939084,2345.167693725888
2024-08-09,Kurukshetra,Tomato,2038.607371030311,1834.7466339272798,2242.4681081333424
2024-08-10,Kurukshetra,Tomato,2072.9203805490365,1865.628342494133,2280.2124186039405
2024-08-11,Kurukshetra,Tomato,1992.284586989554,1793.0561282905987,2191.5130456885095
2024-08-12,Kurukshetra,Tomato,1968.6879937000824,1771.8191943300742,2165.556793070091
2024-08-13,Kurukshetra,Tomato,2023.1355235484507,1820.8219711936056,2225.449075903296
2024-08-14,Kurukshetra,Tomato,2026.3495245032238,1823.7145720529015,2228.9844769535466
2024-08-15,Kurukshetra,Tomato,1972.4622856067585,1775.2160570460828,2169.7085141674347
2024-08-16,Kurukshetra,Tomato,1936.69710014376,1743.027390129384,2130.366810158136
2024-08-17,Kurukshetra,Tomato,1970.6769875904938,1773.6092888314445,2167.7446863495434
2024-08-18,Kurukshetra,Tomato,1934.1586560046371,1740.7427904041735,2127.574521605101
2024-08-19,Kurukshetra,Tomato,1944.981585483736,1750.4834269353623,2139.4797440321095
2024-08-20,Kurukshetra,Tomato,1947.2601774789264,1752.5341597310337,2141.9861952268193
2024-08-21,Kurukshetra,Tomato,1914.6801600986357,1723.2121440887722,2106.1481761084997
2024-08-22,Kurukshetra,Tomato,2021.8773645649019,1819.6896281084116,2224.0651010213924
2024-08-23,Kurukshetra,Tomato,2053.5733156808024,1848.2159841127223,2258.930647248883
2024-08-24,Kurukshetra,Tomato,1952.3161863479222,1757.0845677131301,2147.5478049827148
2024-08-25,Kurukshetra,Tomato,1961.6389020863935,1765.4750118777542,2157.802792295033
2024-08-26,Kurukshetra,Tomato,1928.549578847974,1735.6946209631767,2121.4045367327717
2024-08-27,Kurukshetra,Tomato,1971.1712455877853,1774.0541210290069,2168.288370146564
2024-08-28,Kurukshetra,Tomato,1931.5452086661503,1738.3906877995353,2124.6997295327656
2024-08-29,Kurukshetra,Tomato,1925.8083865928054,1733.2275479335249,2118.389225252086
2024-08-30,Kurukshetra,Tomato,1951.0577505418282,1755.9519754876455,2146.1635255960114
2024-08-31,Kurukshetra,Tomato,1994.3455102503342,1794.9109592253008,2193.7800612753676
2024-09-01,Kurukshetra,Tomato,1934.3306898975454,1740.897620907791,2127.7637588873004
2024-09-02,Kurukshetra,Tomato,1917.605628105498,1725.8450652949482,2109.366190916048
2024-09-03,Kurukshetra,Tomato,1893.8583625474503,1704.4725262927052,2083.2441988021956
2024-09-04,Kurukshetra,Tomato,1861.1919009187645,1675.0727108268882,2047.3110910106411
2024-09-05,Kurukshetra,Tomato,1949.4646129328194,1754.5181516395376,2144.4110742261014
2024-09-06,Kurukshetra,Tomato,1969.7136984808672,1772.7423286327805,2166.685068328954
2024-09-07,Kurukshetra,Tomato,1906.669500764115,1716.0025506877034,2097.3364508405266
2024-09-08,Kurukshetra,Tomato,1952.5625981168537,1757.3063383051683,2147.8188579285393
2024-09-09,Kurukshetra,Tomato,2058.6704079674855,1852.803367170737,2264.5374487642343
2024-09-10,Kurukshetra,Tomato,2110.2936709950427,1899.2643038955384,2321.323038094547
2024-09-11,Kurukshetra,Tomato,2034.3251726973422,1830.892655427608,2237.7576899670767
2024-09-12,Kurukshetra,Tomato,2010.1134690540296,1809.1021221486267,2211.124815959433
2024-09-13,Kurukshetra,Tomato,2073.4590265133606,1866.1131238620246,2280.804929164697
2024-09-14,Kurukshetra,Tomato,2038.0755532324217,1834.2679979091795,2241.883108555664
2024-09-15,Kurukshetra,Tomato,2060.2665246397332,1854.23987217576,2266.293177103707
2024-09-16,Kurukshetra,Tomato,2098.9982273112,1889.0984045800801,2308.8980500423204
2024-09-17,Kurukshetra,Tomato,2052.6517037322956,1847.386533359066,2257.9168741055255
2024-09-18,Kurukshetra,Tomato,2049.675435929206,1844.7078923362853,2254.6429795221266
2024-09-19,Kurukshetra,Tomato,1887.612068925752,1698.8508620331768,2076.3732758183273
2024-09-20,Kurukshetra,Tomato,1836.3926868590377,1652.753418173134,2020.0319555449416
2024-09-21,Kurukshetra,Tomato,1823.7642792893796,1641.3878513604416,2006.1407072183176
2024-09-22,Kurukshetra,Tomato,1761.3751201911373,1585.2376081720236,1937.5126322102512
2024-09-23,Kurukshetra,Tomato,1842.9956853877188,1658.696116848947,2027.295253926491
2024-09-24,Kurukshetra,Tomato,1771.4886164896873,1594.3397548407186,1948.6374781386562
2024-09-25,Kurukshetra,Tomato,1749.486392154838,1574.5377529393543,1924.4350313703221
2024-09-26,Kurukshetra,Tomato,1756.0234210191427,1580.4210789172284,1931.6257631210572
2024-09-27,Kurukshetra,Tomato,1828.0870854724485,1645.2783769252037,2010.8957940196935
2024-09-28,Kurukshetra,Tomato,1756.2939779134765,1580.6645801221289,1931.9233757048244
2024-09-29,Kurukshetra,Tomato,1814.4521655212245,1633.006948969102,1995.8973820733472
2024-09-30,Kurukshetra,Tomato,1814.9638185722038,1633.4674367149835,1996.4602004294243
2024-10-01,Kurukshetra,Tomato,1765.8883860198061,1589.2995474178256,1942.477224621787
2024-10-02,Kurukshetra,Tomato,1788.9935597329697,1610.0942037596728,1967.8929157062669
2024-10-03,Kurukshetra,Tomato,1798.9465445116434,1619.051890060479,1978.841198962808
2024-10-04,Kurukshetra,Tomato,1768.9357006537036,1592.0421305883333,1945.8292707190742
2024-10-05,Kurukshetra,Tomato,1772.4258049032046,1595.183224412884,1949.668385393525
2024-10-06,Kurukshetra,Tomato,1753.1601250601166,1577.8441125541049,1928.4761375661283
2024-10-07,Kurukshetra,Tomato,1758.835992322679,1582.952393090411,1934.719591554947
2024-10-08,Kurukshetra,Tomato,1791.9425260487312,1612.7482734438581,1971.1367786536046
2024-10-09,Kurukshetra,Tomato,1871.2433668559988,1684.119030170399,2058.367703541599
2024-10-10,Kurukshetra,Tomato,1809.3525919146564,1628.4173327231908,1990.2878511061222
2024-10-11,Kurukshetra,Tomato,1916.0042606474697,1724.4038345827228,2107.604686712217
2024-10-12,Kurukshetra,Tomato,1818.3998706713446,1636.5598836042102,2000.2398577384793
2024-10-13,Kurukshetra,Tomato,1810.8106159195654,1629.7295543276089,1991.8916775115222
2024-10-14,Kurukshetra,Tomato,1840.2264762437944,1656.203828619415,2024.2491238681741
2024-10-15,Kurukshetra,Tomato,1854.2760696305459,1668.8484626674913,2039.7036765936007
2024-10-16,Kurukshetra,Tomato,1823.1410936395164,1640.8269842755649,2005.4552030034681
2024-10-17,Kurukshetra,Tomato,1812.7349811216525,1631.4614830094872,1994.008479233818
2024-10-18,Kurukshetra,Tomato,1788.084934388711,1609.27644094984,1966.8934278275822
2024-10-19,Kurukshetra,Tomato,1758.6166965415002,1582.7550268873501,1934.4783661956503
2024-10-20,Kurukshetra,Tomato,1801.0968013925515,1620.9871212532964,1981.2064815318067
2024-10-21,Kurukshetra,Tomato,1818.947575690804,1637.0528181217235,2000.8423332598845
2024-10-22,Kurukshetra,Tomato,1784.3020959277712,1605.871886334994,1962.7323055205486
2024-10-23,Kurukshetra,Tomato,1829.2820896994338,1646.3538807294904,2012.2102986693774
2024-10-24,Kurukshetra,Tomato,1844.6470657432642,1660.1823591689379,2029.1117723175907
2024-10-25,Kurukshetra,Tomato,1885.2901716852123,1696.761154516691,2073.8191888537335
2024-10-26,Kurukshetra,Tomato,1916.7716137813927,1725.0944524032534,2108.448775159532
2024-10-27,Kurukshetra,Tomato,1875.3218632352891,1687.7896769117604,2062.854049558818
2024-10-28,Kurukshetra,Tomato,1847.3128112254408,1662.5815301028967,2032.044092347985
2024-10-29,Kurukshetra,Tomato,1884.6774914816037,1696.2097423334435,2073.1452406297644
2024-10-30,Kurukshetra,Tomato,1915.196004753277,1723.6764042779494,2106.715605228605
2024-10-31,Kurukshetra,Tomato,1914.1509250550696,1722.7358325495627,2105.5660175605767
2024-11-01,Kurukshetra,Tomato,1920.0172942205088,1728.015564798458,2112.0190236425597
2024-11-02,Kurukshetra,Tomato,1983.90053900993,1785.510485108937,2182.2905929109234
2024-11-03,Kurukshetra,Tomato,1954.3219695681385,1758.8897726113246,2149.7541665249523
2024-11-04,Kurukshetra,Tomato,1981.6768386266403,1783.5091547639763,2179.8445224893044
2024-11-05,Kurukshetra,Tomato,1971.5672060049458,1774.4104854044513,2168.7239266054407
2024-11-06,Kurukshetra,Tomato,1960.6831458435847,1764.6148312592263,2156.7514604279436
2024-11-07,Kurukshetra,Tomato,2015.6219884429443,1814.0597895986498,2217.1841872872387
2024-11-08,Kurukshetra,Tomato,2056.8928058923457,1851.203525303111,2262.5820864815805
2024-11-09,Kurukshetra,Tomato,2097.5682876923775,1887.8114589231398,2307.3251164616154
2024-11-10,Kurukshetra,Tomato,2162.842228050094,1946.5580052450846,2379.1264508551035
2024-11-11,Kurukshetra,Tomato,2163.892420131732,1947.5031781185587,2380.281662144905
2024-11-12,Kurukshetra,Tomato,2197.99006869648,1978.1910618268323,2417.7890755661283
2024-11-13,Kurukshetra,Tomato,2182.4767308668074,1964.2290577801268,2400.7244039534885
2024-11-14,Kurukshetra,Tomato,2198.6850484912293,1978.8165436421064,2418.553553340352
2024-11-15,Kurukshetra,Tomato,2192.177895772845,1972.9601061955607,2411.39568535013
2024-11-16,Kurukshetra,Tomato,2197.0276940224812,1977.324924620233,2416.7304634247294
2024-11-17,Kurukshetra,Tomato,2226.7855452943268,2004.1069907648941,2449.4640998237596
2024-11-18,Kurukshetra,Tomato,2185.8745111326534,1967.287060019388,2404.461962245919
2024-11-19,Kurukshetra,Tomato,2290.4938749169264,2061.444487425234,2519.5432624086193
2024-11-20,Kurukshetra,Tomato,2240.193005841941,2016.173705257747,2464.2123064261355
2024-11-21,Kurukshetra,Tomato,2179.4835752025547,1961.5352176822992,2397.4319327228104
2024-11-22,Kurukshetra,Tomato,2237.389118877558,2013.6502069898022,2461.1280307653137
2024-11-23,Kurukshetra,Tomato,2276.9722535757046,2049.275028218134,2504.669478933275
2024-11-24,Kurukshetra,Tomato,2308.1782444283126,2077.3604199854813,2538.996068871144
2024-11-25,Kurukshetra,Tomato,2339.5955198915262,2105.6359679023735,2573.555071880679
2024-11-26,Kurukshetra,Tomato,2338.9831812491807,2105.0848631242625,2572.881499374099
2024-11-27,Kurukshetra,Tomato,2294.120462674889,2064.7084164074004,2523.532508942378
2024-11-28,Kurukshetra,Tomato,2297.9106905845756,2068.119621526118,2527.7017596430333
2024-11-29,Kurukshetra,Tomato,2264.0526050089697,2037.6473445080728,2490.457865509867
2024-11-30,Kurukshetra,Tomato,2312.8085916798573,2081.527732511872,2544.089450847843
2024-12-01,Kurukshetra,Tomato,2305.4557226047505,2074.9101503442753,2536.0012948652256
2024-12-02,Kurukshetra,Tomato,2264.180862765125,2037.7627764886124,2490.5989490416378
2024-12-03,Kurukshetra,Tomato,2248.1115706824753,2023.3004136142279,2472.922727750723
2024-12-04,Kurukshetra,Tomato,2268.7581433962564,2041.8823290566309,2495.633957735882
2024-12-05,Kurukshetra,Tomato,2240.571915756058,2016.5147241804523,2464.629107331664
2024-12-06,Kurukshetra,Tomato,2199.460895977736,1979.5148063799625,2419.4069855755097
2024-12-07,Kurukshetra,Tomato,2211.645256552332,1990.4807308970987,2432.809782207565
2024-12-08,Kurukshetra,Tomato,2223.893585107768,2001.5042265969914,2446.2829436185452
2024-12-09,Kurukshetra,Tomato,2198.5464263392114,1978.6917837052904,2418.4010689731326
2024-12-10,Kurukshetra,Tomato,2174.9945110582953,1957.495059952466,2392.493962164125
2024-12-11,Kurukshetra,Tomato,2186.597007926177,1967.9373071335592,2405.256708718795
2024-12-12,Kurukshetra,Tomato,2114.1927908513107,1902.7735117661798,2325.612069936442
2024-12-13,Kurukshetra,Tomato,2043.8196021324832,1839.437641919235,2248.201562345732
2024-12-14,Kurukshetra,Tomato,2007.8973910698614,1807.1076519628753,2208.687130176848
2024-12-15,Kurukshetra,Tomato,1997.225033484269,1797.502530135842,2196.947536832696
2024-12-16,Kurukshetra,Tomato,2012.7704117641692,1811.4933705877525,2214.0474529405865
2024-12-17,Kurukshetra,Tomato,2086.5382226116467,1877.884400350482,2295.1920448728115
2024-12-18,Kurukshetra,Tomato,2129.421203771748,1916.4790833945733,2342.363324148923
2024-12-19,Kurukshetra,Tomato,2121.4242772735765,1909.2818495462188,2333.5667050009342
2024-12-20,Kurukshetra,Tomato,2120.473466878442,1908.426120190598,2332.5208135662865
2024-12-21,Kurukshetra,Tomato,2070.3469986465516,1863.3122987818965,2277.381698511207
2024-12-22,Kurukshetra,Tomato,2069.421341846932,1862.4792076622389,2276.3634760316254
2024-12-23,Kurukshetra,Tomato,2054.988409900925,1849.4895689108325,2260.4872508910175
2024-12-24,Kurukshetra,Tomato,2071.1243379178295,1864.0119041260466,2278.2367717096126
2024-12-25,Kurukshetra,Tomato,2029.7627907402134,1826.7865116661922,2232.739069814235
2024-12-26,Kurukshetra,Tomato,2055.730116452272,1850.1571048070448,2261.303128097499
2024-12-27,Kurukshetra,Tomato,2132.367062102401,1919.130355892161,2345.6037683126415
2024-12-28,Kurukshetra,Tomato,2126.9290546795582,1914.2361492116024,2339.621960147514
2024-12-29,Kurukshetra,Tomato,2147.014640784505,1932.3131767060545,2361.7161048629555
2024-12-30,Kurukshetra,Tomato,2181.521840370061,1963.369656333055,2399.6740244070675
2024-12-31,Kurukshetra,Tomato,2161.4608167757688,1945.314735098192,2377.606898453346
2025-01-01,Kurukshetra,Tomato,2172.66544086629,1955.3988967796608,2389.931984952919
2025-01-02,Kurukshetra,Tomato,2173.2950609053796,1955.9655548148417,2390.6245669959176
2025-01-03,Kurukshetra,Tomato,2178.178865832821,1960.360979249539,2395.9967524161034
2025-01-04,Kurukshetra,Tomato,2139.528376640048,1925.5755389760432,2353.481214304053
2025-01-05,Kurukshetra,Tomato,2140.753885352995,1926.6784968176955,2354.8292738882947
2025-01-06,Kurukshetra,Tomato,2165.6537999152674,1949.0884199237407,2382.2191799067946
2025-01-07,Kurukshetra,Tomato,2238.2109803050193,2014.3898822745175,2462.0320783355214
2025-01-08,Kurukshetra,Tomato,2286.17452160928,2057.557069448352,2514.791973770208
2025-01-09,Kurukshetra,Tomato,2393.833644484858,2154.450280036372,2633.217008933344
2025-01-10,Kurukshetra,Tomato,2355.466266340455,2119.9196397064097,2591.012892974501
2025-01-11,Kurukshetra,Tomato,2399.082298176489,2159.17406835884,2638.990527994138
2025-01-12,Kurukshetra,Tomato,2408.2493984634066,2167.424458617066,2649.0743383097474
2025-01-13,Kurukshetra,Tomato,2517.73954512429,2265.965590611861,2769.513499636719
2025-01-14,Kurukshetra,Tomato,2477.3246308565326,2229.5921677708793,2725.057093942186
2025-01-15,Kurukshetra,Tomato,2435.338538747494,2191.804684872745,2678.8723926222438
2025-01-16,Kurukshetra,Tomato,2405.368906475293,2164.832015827764,2645.9057971228226
2025-01-17,Kurukshetra,Tomato,2299.1741202598023,2069.2567082338223,2529.0915322857827
2025-01-18,Kurukshetra,Tomato,2272.8863691757642,2045.5977322581878,2500.175006093341
2025-01-19,Kurukshetra,Tomato,2234.9297360980795,2011.4367624882716,2458.422709707888
2025-01-20,Kurukshetra,Tomato,2242.44942542189,2018.204482879701,2466.694367964079
2025-01-21,Kurukshetra,Tomato,2259.537224210748,2033.5835017896732,2485.4909466318227
2025-01-22,Kurukshetra,Tomato,2353.345766171542,2118.011189554388,2588.680342788696
2025-01-23,Kurukshetra,Tomato,2400.8669580808446,2160.7802622727604,2640.9536538889292
2025-01-24,Kurukshetra,Tomato,2372.0217752977246,2134.819597767952,2609.223952827497
2025-01-25,Kurukshetra,Tomato,2327.101041730307,2094.390937557276,2559.8111459033375
2025-01-26,Kurukshetra,Tomato,2351.697000305632,2116.527300275069,2586.8667003361957
2025-01-27,Kurukshetra,Tomato,2285.6853399546,2057.11680595914,2514.25387395006
2025-01-28,Kurukshetra,Tomato,2377.2582782473173,2139.5324504225855,2614.984106072049
2025-01-29,Kurukshetra,Tomato,2436.230284283382,2192.6072558550436,2679.8533127117203
2025-01-30,Kurukshetra,Tomato,2412.7715016781467,2171.4943515103323,2654.0486518459616
2025-01-31,Kurukshetra,Tomato,2327.114775223603,2094.4032977012425,2559.8262527459633
2025-02-01,Kurukshetra,Tomato,2394.8083939318735,2155.3275545386864,2634.289233325061
2025-02-02,Kurukshetra,Tomato,2389.0814016692425,2150.1732615023184,2627.989541836167
2025-02-03,Kurukshetra,Tomato,2450.9722172679158,2205.8749955411245,2696.0694389947075
2025-02-04,Kurukshetra,Tomato,2371.2508343281975,2134.1257508953777,2608.3759177610173
2025-02-05,Kurukshetra,Tomato,2341.282083180509,2107.153874862458,2575.41029149856
2025-02-06,Kurukshetra,Tomato,2341.544268166418,2107.3898413497764,2575.6986949830602
2025-02-07,Kurukshetra,Tomato,2343.893297854655,2109.5039680691893,2578.2826276401206
2025-02-08,Kurukshetra,Tomato,2321.3900242806926,2089.2510218526236,2553.529026708762
2025-02-09,Kurukshetra,Tomato,2352.5325208980676,2117.279268808261,2587.7857729878747
2025-02-10,Kurukshetra,Tomato,2299.151499428938,2069.2363494860447,2529.066649371832
2025-02-11,Kurukshetra,Tomato,2292.032525177873,2062.8292726600857,2521.2357776956605
2025-02-12,Kurukshetra,Tomato,2298.0473067634684,2068.2425760871215,2527.8520374398154
2025-02-13,Kurukshetra,Tomato,2323.7692484664058,2091.392323619765,2556.1461733130463
2025-02-14,Kurukshetra,Tomato,2359.34999237085,2123.414993133765,2595.2849916079354
2025-02-15,Kurukshetra,Tomato,2303.1178877789566,2072.806099001061,2533.4296765568524
2025-02-16,Kurukshetra,Tomato,2226.4121792421756,2003.7709613179582,2449.0533971663936
2025-02-17,Kurukshetra,Tomato,2290.2960203371013,2061.266418303391,2519.3256223708117
2025-02-18,Kurukshetra,Tomato,2306.9117209360807,2076.2205488424725,2537.602893029689
2025-02-19,Kurukshetra,Tomato,2269.487394108253,2042.5386546974275,2496.4361335190783
2025-02-20,Kurukshetra,Tomato,2347.044992884379,2112.340493595941,2581.749492172817
2025-02-21,Kurukshetra,Tomato,2352.8287245990223,2117.54585213912,2588.111597058925
2025-02-22,Kurukshetra,Tomato,2411.7935838022136,2170.614225421992,2652.972942182435
2025-02-23,Kurukshetra,Tomato,2415.169507872719,2173.652557085447,2656.686458659991
2025-02-24,Kurukshetra,Tomato,2518.2069041168184,2266.3862137051365,2770.0275945285002
2025-02-25,Kurukshetra,Tomato,2605.9739462389784,2345.3765516150806,2866.5713408628767
2025-02-26,Kurukshetra,Tomato,2593.525738815025,2334.1731649335225,2852.8783126965277
2025-02-27,Kurukshetra,Tomato,2642.1042863627426,2377.8938577264685,2906.3147149990173
2025-02-28,Kurukshetra,Tomato,2674.3730838419997,2406.9357754578,2941.8103922262
2025-03-01,Kurukshetra,Tomato,2742.8046617186174,2468.524195546756,3017.0851278904793
2025-03-02,Kurukshetra,Tomato,2694.558488689612,2425.102639820651,2964.0143375585735
2025-03-03,Kurukshetra,Tomato,2728.861061689534,2455.974955520581,3001.7471678584875
2025-03-04,Kurukshetra,Tomato,2781.7822860320134,2503.604057428812,3059.960514635215
2025-03-05,Kurukshetra,Tomato,2693.8453117108575,2424.460780539772,2963.2298428819436
2025-03-06,Kurukshetra,Tomato,2634.682386077569,2371.214147469812,2898.150624685326
2025-03-07,Kurukshetra,Tomato,2532.7207771895637,2279.4486994706076,2785.9928549085203
2025-03-08,Kurukshetra,Tomato,2519.250435467336,2267.3253919206027,2771.17547901407
2025-03-09,Kurukshetra,Tomato,2555.127548257134,2299.614793431421,2810.640303082848
2025-03-10,Kurukshetra,Tomato,2630.2454008619357,2367.220860775742,2893.2699409481293
2025-03-11,Kurukshetra,Tomato,2633.9501398829243,2370.555125894632,2897.345153871217
2025-03-12,Kurukshetra,Tomato,2715.380917161489,2443.84282544534,2986.919008877638
2025-03-13,Kurukshetra,Tomato,2646.375844250744,2381.73825982567,2911.013428675819
2025-03-14,Kurukshetra,Tomato,2561.2067222829864,2305.086050054688,2817.3273945112855
2025-03-15,Kurukshetra,Tomato,2558.4293373381556,2302.58640360434,2814.2722710719713
2025-03-16,Kurukshetra,Tomato,2577.632609785121,2319.869348806609,2835.3958707636334
2025-03-17,Kurukshetra,Tomato,2575.9978723804165,2318.398085142375,2833.5976596184582
2025-03-18,Kurukshetra,Tomato,2472.6257673784226,2225.3631906405803,2719.888344116265
2025-03-19,Kurukshetra,Tomato,2468.169765402783,2221.352788862505,2714.9867419430616
2025-03-20,Kurukshetra,Tomato,2402.9462903775407,2162.6516613397866,2643.240919415295
2025-03-21,Kurukshetra,Tomato,2436.4299178190427,2192.7869260371385,2680.0729096009472
2025-03-22,Kurukshetra,Tomato,2454.759830123885,2209.2838471114965,2700.2358131362735
2025-03-23,Kurukshetra,Tomato,2407.765840807517,2166.9892567267657,2648.542424888269
2025-03-24,Kurukshetra,Tomato,2382.0724949406826,2143.8652454466146,2620.279744434751
2025-03-25,Kurukshetra,Tomato,2329.111818846235,2096.2006369616115,2562.0230007308587
2025-03-26,Kurukshetra,Tomato,2325.9778639825763,2093.3800775843188,2558.5756503808343
2025-03-27,Kurukshetra,Tomato,2373.734980007638,2136.361482006874,2611.108478008402
2025-03-28,Kurukshetra,Tomato,2324.448677690861,2092.003809921775,2556.8935454599473
2025-03-29,Kurukshetra,Tomato,2349.6510034667535,2114.6859031200784,2584.616103813429
2025-03-30,Kurukshetra,Tomato,2323.1381225481314,2090.8243102933184,2555.451934802945
2025-03-31,Kurukshetra,Tomato,2283.494480935014,2055.1450328415126,2511.8439290285155
2025-04-01,Kurukshetra,Tomato,2278.142962937286,2050.3286666435574,2505.9572592310146
2025-04-02,Kurukshetra,Tomato,2226.3808468163174,2003.7427621346858,2449.0189314979493
2025-04-03,Kurukshetra,Tomato,2198.6983815489584,1978.8285433940625,2418.5682197038545
2025-04-04,Kurukshetra,Tomato,2138.804486919516,1924.9240382275643,2352.6849356114676
2025-04-05,Kurukshetra,Tomato,2237.0407435653356,2013.336669208802,2460.7448179218695
2025-04-06,Kurukshetra,Tomato,2238.8039211639216,2014.9235290475294,2462.6843132803137
2025-04-07,Kurukshetra,Tomato,2203.8176457642926,1983.4358811878633,2424.199410340722
2025-04-08,Kurukshetra,Tomato,2214.516641301004,1993.0649771709034,2435.9683054311045
2025-04-09,Kurukshetra,Tomato,2208.900238816462,1988.010214934816,2429.7902626981086
2025-04-10,Kurukshetra,Tomato,2197.851758839801,1978.0665829558209,2417.636934723781
2025-04-11,Kurukshetra,Tomato,2228.560093841972,2005.7040844577748,2451.4161032261695
2025-04-12,Kurukshetra,Tomato,2266.4354793443376,2039.791931409904,2493.0790272787717
2025-04-13,Kurukshetra,Tomato,2239.910421963811,2015.91937976743,2463.9014641601925
2025-04-14,Kurukshetra,Tomato,2211.1195099315773,1990.0075589384196,2432.231460924735
2025-04-15,Kurukshetra,Tomato,2197.366925073995,1977.6302325665954,2417.1036175813947
2025-04-16,Kurukshetra,Tomato,2082.2708668372156,1874.043780153494,2290.4979535209372
2025-04-17,Kurukshetra,Tomato,2006.511313727288,1805.8601823545594,2207.162445100017
2025-04-18,Kurukshetra,Tomato,2074.8550270995142,1867.369524389563,2282.340529809466
2025-04-19,Kurukshetra,Tomato,2157.1034127745784,1941.3930714971207,2372.8137540520365
2025-04-20,Kurukshetra,Tomato,2144.6516107967595,1930.1864497170836,2359.116771876436
2025-04-21,Kurukshetra,Tomato,2173.4794589495477,1956.131513054593,2390.827404844503
2025-04-22,Kurukshetra,Tomato,2189.0419666767248,1970.1377700090522,2407.9461633443975
2025-04-23,Kurukshetra,Tomato,2342.9860070994864,2108.687406389538,2577.2846078094353
2025-04-24,Kurukshetra,Tomato,2398.9647526712156,2159.0682774040943,2638.8612279383374
2025-04-25,Kurukshetra,Tomato,2392.568873097177,2153.3119857874594,2631.825760406895
2025-04-26,Kurukshetra,Tomato,2344.791851067156,2110.3126659604404,2579.271036173872
2025-04-27,Kurukshetra,Tomato,2264.4695350542775,2038.0225815488498,2490.9164885597056
2025-04-28,Kurukshetra,Tomato,2274.6427168476384,2047.1784451628746,2502.1069885324023
2025-04-29,Kurukshetra,Tomato,2236.825179583423,2013.1426616250808,2460.5076975417655
2025-04-30,Kurukshetra,Tomato,2165.7124941035395,1949.1412446931856,2382.2837435138936
2025-05-01,Kurukshetra,Tomato,2133.3838498914133,1920.045464902272,2346.722234880555
2025-05-02,Kurukshetra,Tomato,2079.3064497106934,1871.375804739624,2287.2370946817628
2025-05-03,Kurukshetra,Tomato,2163.6635314643217,1947.2971783178896,2380.029884610754
2025-05-04,Kurukshetra,Tomato,2207.7455193117944,1986.970967380615,2428.520071242974
2025-05-05,Kurukshetra,Tomato,2207.3468872459634,1986.6121985213672,2428.08157597056
2025-05-06,Kurukshetra,Tomato,2281.3440941904646,2053.2096847714183,2509.4785036095113
2025-05-07,Kurukshetra,Tomato,2285.2125095728456,2056.6912586155613,2513.7337605301304
2025-05-08,Kurukshetra,Tomato,2242.1482995064325,2017.9334695557893,2466.363129457076
2025-05-09,Kurukshetra,Tomato,2318.3045033699154,2086.474053032924,2550.1349537069073
2025-05-10,Kurukshetra,Tomato,2345.250005554148,2110.7250049987333,2579.775006109563
2025-05-11,Kurukshetra,Tomato,2293.3876978378253,2064.048928054043,2522.726467621608
2025-05-12,Kurukshetra,Tomato,2283.870763933645,2055.4836875402802,2512.2578403270095
2025-05-13,Kurukshetra,Tomato,2240.089851264407,2016.0808661379665,2464.098836390848
2025-05-14,Kurukshetra,Tomato,2170.9498647161904,1953.8548782445714,2388.04485118781
2025-05-15,Kurukshetra,Tomato,2217.2587420927725,1995.5328678834953,2438.98461630205
2025-05-16,Kurukshetra,Tomato,2312.729574116279,2081.456616704651,2544.0025315279067
2025-05-17,Kurukshetra,Tomato,2242.801195425322,2018.5210758827898,2467.0813149678543
2025-05-18,Kurukshetra,Tomato,2270.9496572598505,2043.8546915338654,2498.0446229858358
2025-05-19,Kurukshetra,Tomato,2238.417528803759,2014.5757759233832,2462.259281684135
2025-05-20,Kurukshetra,Tomato,2214.0612596155242,1992.655133653972,2435.467385577077
2025-05-21,Kurukshetra,Tomato,2184.441563403581,1965.997407063223,2402.8857197439393
2025-05-22,Kurukshetra,Tomato,2141.2420249195898,1927.117822427631,2355.366227411549
2025-05-23,Kurukshetra,Tomato,2143.668106316831,1929.301295685148,2358.0349169485144
2025-05-24,Kurukshetra,Tomato,2102.1206004962796,1891.9085404466516,2312.332660545908
2025-05-25,Kurukshetra,Tomato,2115.6434417852715,1904.0790976067444,2327.207785963799
2025-05-26,Kurukshetra,Tomato,2113.1315363128147,1901.8183826815332,2324.4446899440964
2025-05-27,Kurukshetra,Tomato,2101.184133969494,1891.0657205725445,2311.3025473664434
2025-05-28,Kurukshetra,Tomato,2055.805950867414,1850.2253557806728,2261.3865459541557
2025-05-29,Kurukshetra,Tomato,2026.9673843389976,1824.2706459050978,2229.6641227728974
2025-05-30,Kurukshetra,Tomato,2064.7369456302854,1858.263251067257,2271.2106401933142
2025-05-31,Kurukshetra,Tomato,2089.7828050115045,1880.804524510354,2298.761085512655
2025-06-01,Kurukshetra,Tomato,2040.9050427715767,1836.8145384944191,2244.995547048735
2025-06-02,Kurukshetra,Tomato,2045.871658043038,1841.2844922387342,2250.458823847342
2025-06-03,Kurukshetra,Tomato,2083.4410142116276,1875.0969127904648,2291.7851156327906
2025-06-04,Kurukshetra,Tomato,1999.970750155559,1799.9736751400033,2199.9678251711152
2025-06-05,Kurukshetra,Tomato,2027.1387597745556,1824.4248837971002,2229.8526357520113
2025-06-06,Kurukshetra,Tomato,1994.0075718272633,1794.606814644537,2193.4083290099898
2025-06-07,Kurukshetra,Tomato,2022.5375052569213,1820.2837547312292,2224.7912557826135
2025-06-08,Kurukshetra,Tomato,1984.3745474297955,1785.937092686816,2182.812002172775
2025-06-09,Kurukshetra,Tomato,1894.1304423965696,1704.7173981569126,2083.5434866362266
2025-06-10,Kurukshetra,Tomato,1812.7533205024115,1631.4779884521704,1994.0286525526528
2025-06-11,Kurukshetra,Tomato,1815.1575678354804,1633.6418110519323,1996.6733246190286
2025-06-12,Kurukshetra,Tomato,1828.1436929215545,1645.3293236293991,2010.95806221371
2025-06-13,Kurukshetra,Tomato,1782.9278616663341,1604.6350754997009,1961.2206478329676
2025-06-14,Kurukshetra,Tomato,1814.857484605203,1633.3717361446827,1996.3432330657233
2025-06-15,Kurukshetra,Tomato,1731.781481491755,1558.6033333425794,1904.9596296409306
2025-06-16,Kurukshetra,Tomato,1728.477491559389,1555.62974240345,1901.325240715328
2025-06-17,Kurukshetra,Tomato,1667.9266815712663,1501.1340134141396,1834.7193497283931
2025-06-18,Kurukshetra,Tomato,1635.3348761811583,1471.8013885630426,1798.8683637992742
2025-06-19,Kurukshetra,Tomato,1637.704809746979,1473.934328772281,1801.475290721677
2025-06-20,Kurukshetra,Tomato,1594.6841414827813,1435.2157273345033,1754.1525556310596
2025-06-21,Kurukshetra,Tomato,1575.45636427129,1417.910727844161,1733.0020006984194
2025-06-22,Kurukshetra,Tomato,1625.771004732012,1463.1939042588108,1788.3481052052134
2025-06-23,Kurukshetra,Tomato,1596.9264112558546,1437.2337701302692,1756.6190523814403
2025-06-24,Kurukshetra,Tomato,1638.7110168591116,1474.8399151732006,1802.582118545023
2025-06-25,Kurukshetra,Tomato,1582.2256741262308,1424.0031067136078,1740.448241538854
2025-06-26,Kurukshetra,Tomato,1608.7158830219948,1447.8442947197955,1769.5874713241944
2025-06-27,Kurukshetra,Tomato,1680.79431405489,1512.714882649401,1848.8737454603793
2025-06-28,Kurukshetra,Tomato,1557.2120890485255,1401.490880143673,1712.9332979533783
2025-06-29,Kurukshetra,Tomato,1517.3673262750017,1365.6305936475017,1669.104058902502
2025-06-30,Kurukshetra,Tomato,1546.2209326340287,1391.598839370626,1700.8430258974317
2025-07-01,Kurukshetra,Tomato,1536.068663331879,1382.4617969986912,1689.675529665067
2025-07-02,Kurukshetra,Tomato,1554.6259570004445,1399.1633613004,1710.0885527004891
2025-07-03,Kurukshetra,Tomato,1524.4266976646534,1371.984027898188,1676.869367431119
2025-07-04,Kurukshetra,Tomato,1528.7561870382983,1375.8805683344685,1681.6318057421283
2025-07-05,Kurukshetra,Tomato,1520.9723252686945,1368.875092741825,1673.0695577955642
2025-07-06,Kurukshetra,Tomato,1579.3614283516847,1421.4252855165162,1737.2975711868532
2025-07-07,Kurukshetra,Tomato,1592.0824705167454,1432.8742234650708,1751.2907175684202
2025-07-08,Kurukshetra,Tomato,1608.9626036205054,1448.066343258455,1769.8588639825562
2025-07-09,Kurukshetra,Tomato,1588.3687553143823,1429.531879782944,1747.2056308458207
2025-07-10,Kurukshetra,Tomato,1563.9884441107574,1407.5895996996817,1720.3872885218334
2025-07-11,Kurukshetra,Tomato,1542.3605347197763,1388.1244812477987,1696.596588191754
2025-07-12,Kurukshetra,Tomato,1562.0831418386913,1405.8748276548222,1718.2914560225606
2025-07-13,Kurukshetra,Tomato,1541.033917797678,1386.9305260179103,1695.1373095774459
2025-07-14,Kurukshetra,Tomato,1555.5226606424987,1399.970394578249,1711.0749267067488
2025-07-15,Kurukshetra,Tomato,1659.2927005747706,1493.3634305172936,1825.2219706322478
2025-07-16,Kurukshetra,Tomato,1702.8489357463554,1532.5640421717198,1873.133829320991
2025-07-17,Kurukshetra,Tomato,1686.5477591379633,1517.892983224167,1855.20253505176
2025-07-18,Kurukshetra,Tomato,1746.6084552461605,1571.9476097215445,1921.2693007707767
2025-07-19,Kurukshetra,Tomato,1726.2046865950829,1553.5842179355745,1898.8251552545912
2025-07-20,Kurukshetra,Tomato,1624.2984598361904,1461.8686138525713,1786.7283058198095
2025-07-21,Kurukshetra,Tomato,1573.8941442903201,1416.504729861288,1731.2835587193522
2025-07-22,Kurukshetra,Tomato,1480.3545482390273,1332.3190934151246,1628.3900030629302
2025-07-23,Kurukshetra,Tomato,1462.778874036962,1316.5009866332657,1609.0567614406582
2025-07-24,Kurukshetra,Tomato,1463.6997929964396,1317.3298136967956,1610.0697722960836
2025-07-25,Kurukshetra,Tomato,1547.5216586102035,1392.7694927491832,1702.273824471224
2025-07-26,Kurukshetra,Tomato,1563.8680272984118,1407.4812245685707,1720.254830028253
2025-07-27,Kurukshetra,Tomato,1552.9130008579687,1397.6217007721718,1708.2043009437657
2025-07-28,Kurukshetra,Tomato,1594.383279917143,1434.9449519254288,1753.8216079088575
2025-07-29,Kurukshetra,Tomato,1483.826514466749,1335.443863020074,1632.209165913424
2025-07-30,Kurukshetra,Tomato,1495.607242372177,1346.0465181349593,1645.1679666093949
2025-07-31,Kurukshetra,Tomato,1534.1505020665254,1380.735451859873,1687.5655522731781
2025-08-01,Kurukshetra,Tomato,1460.2211897775333,1314.19907079978,1606.2433087552868
2025-08-02,Kurukshetra,Tomato,1517.4088919378798,1365.6680027440918,1669.1497811316679
2025-08-03,Kurukshetra,Tomato,1534.3337123126005,1380.9003410813405,1687.7670835438607
2025-08-04,Kurukshetra,Tomato,1513.5693166175606,1362.2123849558045,1664.9262482793167
2025-08-05,Kurukshetra,Tomato,1545.2084099228748,1390.6875689305873,1699.7292509151625
2025-08-06,Kurukshetra,Tomato,1658.7430528130944,1492.868747531785,1824.617358094404
2025-08-07,Kurukshetra,Tomato,1667.8363655660194,1501.0527290094174,1834.6200021226214
2025-08-08,Kurukshetra,Tomato,1680.2473948810361,1512.2226553929327,1848.2721343691398
2025-08-09,Kurukshetra,Tomato,1657.279349904024,1491.5514149136216,1823.0072848944264
2025-08-10,Kurukshetra,Tomato,1614.7871314307845,1453.308418287706,1776.265844573863
2025-08-11,Kurukshetra,Tomato,1656.3039222579966,1490.673530032197,1821.9343144837965
2025-08-12,Kurukshetra,Tomato,1613.4997309625533,1452.149757866298,1774.8497040588088
2025-08-13,Kurukshetra,Tomato,1617.078042823523,1455.3702385411707,1778.7858471058755
2025-08-14,Kurukshetra,Tomato,1593.195170485267,1433.8756534367403,1752.514687533794
2025-08-15,Kurukshetra,Tomato,1617.1441617725866,1455.4297455953279,1778.8585779498453
2025-08-16,Kurukshetra,Tomato,1633.827267036934,1470.4445403332406,1797.2099937406276
2025-08-17,Kurukshetra,Tomato,1685.704264249829,1517.1338378248463,1854.274690674812
2025-08-18,Kurukshetra,Tomato,1660.2034443070918,1494.1830998763826,1826.2237887378012
2025-08-19,Kurukshetra,Tomato,1646.709697542423,1482.0387277881807,1811.3806672966655
2025-08-20,Kurukshetra,Tomato,1597.7715117533078,1437.994360577977,1757.5486629286388
2025-08-21,Kurukshetra,Tomato,1575.5568487495023,1418.001163874552,1733.1125336244527
2025-08-22,Kurukshetra,Tomato,1594.4218734017447,1434.9796860615702,1753.8640607419193
2025-08-23,Kurukshetra,Tomato,1632.2713042340124,1469.0441738106113,1795.4984346574138
2025-08-24,Kurukshetra,Tomato,1586.163038025131,1427.546734222618,1744.7793418276444
2025-08-25,Kurukshetra,Tomato,1629.6433340304143,1466.679000627373,1792.6076674334558
2025-08-26,Kurukshetra,Tomato,1697.4252269706617,1527.6827042735956,1867.167749667728
2025-08-27,Kurukshetra,Tomato,1718.0969721318468,1546.2872749186622,1889.9066693450316
2025-08-28,Kurukshetra,Tomato,1811.93676275975,1630.7430864837752,1993.1304390357252
2025-08-29,Kurukshetra,Tomato,1773.2473028045715,1595.9225725241145,1950.5720330850288
2025-08-30,Kurukshetra,Tomato,1711.0145676390007,1539.9131108751008,1882.1160244029008
2025-08-31,Kurukshetra,Tomato,1622.0785551937865,1459.870699674408,1784.2864107131654
2025-09-01,Kurukshetra,Tomato,1696.8807707682458,1527.1926936914213,1866.5688478450706
2025-09-02,Kurukshetra,Tomato,1729.5990535859487,1556.6391482273539,1902.5589589445437
2025-09-03,Kurukshetra,Tomato,1726.8198200404258,1554.1378380363833,1899.5018020444686
2025-09-04,Kurukshetra,Tomato,1740.818251356417,1566.7364262207755,1914.9000764920588
2025-09-05,Kurukshetra,Tomato,1684.543798991498,1516.0894190923484,1852.998178890648
2025-09-06,Kurukshetra,Tomato,1806.8313979723393,1626.1482581751054,1987.5145377695735
2025-09-07,Kurukshetra,Tomato,1813.292457071101,1631.963211363991,1994.621702778211
2025-09-08,Kurukshetra,Tomato,1818.7621968013455,1636.885977121211,2000.6384164814801
2025-09-09,Kurukshetra,Tomato,1855.0505279962802,1669.5454751966522,2040.5555807959083
2025-09-10,Kurukshetra,Tomato,1879.1009895831157,1691.1908906248043,2067.0110885414274
2025-09-11,Kurukshetra,Tomato,1890.2951907970723,1701.2656717173652,2079.3247098767797
2025-09-12,Kurukshetra,Tomato,1850.7714680248068,1665.6943212223262,2035.8486148272877
2025-09-13,Kurukshetra,Tomato,1874.3448858816066,1686.910397293446,2061.7793744697674
2025-09-14,Kurukshetra,Tomato,1968.4461107053583,1771.6014996348224,2165.2907217758943
2025-09-15,Kurukshetra,Tomato,2035.717113013107,1832.1454017117965,2239.288824314418
2025-09-16,Kurukshetra,Tomato,2115.376444345077,1903.8387999105692,2326.9140887795847
2025-09-17,Kurukshetra,Tomato,2089.8156605235176,1880.8340944711658,2298.7972265758694
2025-09-18,Kurukshetra,Tomato,2040.3354195105887,1836.3018775595299,2244.368961461648
2025-09-19,Kurukshetra,Tomato,2034.0460735056063,1830.6414661550457,2237.450680856167
2025-09-20,Kurukshetra,Tomato,2036.832319120041,1833.149087208037,2240.515551032045
2025-09-21,Kurukshetra,Tomato,2091.5418950435883,1882.3877055392295,2300.6960845479475
2025-09-22,Kurukshetra,Tomato,2006.9186635578474,1806.2267972020627,2207.6105299136325
2025-09-23,Kurukshetra,Tomato,2083.3961795308783,1875.0565615777905,2291.7357974839665
2025-09-24,Kurukshetra,Tomato,2075.495784601929,1867.946206141736,2283.045363062122
2025-09-25,Kurukshetra,Tomato,2054.1517311045577,1848.736557994102,2259.566904215014
2025-09-26,Kurukshetra,Tomato,2003.5465123415493,1803.1918611073943,2203.9011635757042
2025-09-27,Kurukshetra,Tomato,1920.8036787482608,1728.7233108734347,2112.884046623087
2025-09-28,Kurukshetra,Tomato,1961.9622079463566,1765.765987151721,2158.1584287409923
2025-09-29,Kurukshetra,Tomato,1965.6281063057768,1769.0652956751992,2162.190916936355
2025-09-30,Kurukshetra,Tomato,1901.130061318724,1711.0170551868516,2091.2430674505968
2025-10-01,Kurukshetra,Tomato,1836.3761227155433,1652.738510443989,2020.0137349870977
2025-10-02,Kurukshetra,Tomato,1819.5868877510368,1637.6281989759332,2001.5455765261406
2025-10-03,Kurukshetra,Tomato,1903.0379640155065,1712.7341676139558,2093.3417604170572
2025-10-04,Kurukshetra,Tomato,1890.0583964473262,1701.0525568025937,2079.064236092059
2025-10-05,Kurukshetra,Tomato,1814.901248791421,1633.411123912279,1996.3913736705633
2025-10-06,Kurukshetra,Tomato,1802.6140955871238,1622.3526860284114,1982.8755051458363
2025-10-07,Kurukshetra,Tomato,1788.9779170997401,1610.0801253897662,1967.8757088097143
2025-10-08,Kurukshetra,Tomato,1654.1335849526617,1488.7202264573957,1819.546943447928
2025-10-09,Kurukshetra,Tomato,1651.4188416267712,1486.276957464094,1816.5607257894485
2025-10-10,Kurukshetra,Tomato,1639.8721151163372,1475.8849036047036,1803.859326627971
2025-10-11,Kurukshetra,Tomato,1674.682433357008,1507.2141900213073,1842.1506766927089
2025-10-12,Kurukshetra,Tomato,1767.1302381042753,1590.4172142938478,1943.8432619147031
2025-10-13,Kurukshetra,Tomato,1823.4584895816633,1641.112640623497,2005.8043385398298
2025-10-14,Kurukshetra,Tomato,1810.0140550539218,1629.0126495485297,1991.015460559314
2025-10-15,Kurukshetra,Tomato,1754.6877596168383,1579.2189836551545,1930.1565355785224
2025-10-16,Kurukshetra,Tomato,1883.3557497793313,1695.0201748013983,2071.6913247572647
2025-10-17,Kurukshetra,Tomato,1886.3166714800557,1697.68500433205,2074.9483386280613
2025-10-18,Kurukshetra,Tomato,1887.013136075703,1698.3118224681327,2075.7144496832734
2025-10-19,Kurukshetra,Tomato,1885.806881720203,1697.2261935481827,2074.3875698922234
2025-10-20,Kurukshetra,Tomato,1895.7111197585955,1706.140007782736,2085.2822317344553
2025-10-21,Kurukshetra,Tomato,1888.4930991623985,1699.6437892461586,2077.3424090786384
2025-10-22,Kurukshetra,Tomato,1859.8099988183867,1673.828998936548,2045.7909987002256
2025-10-23,Kurukshetra,Tomato,1832.467051756367,1649.2203465807304,2015.713756932004
2025-10-24,Kurukshetra,Tomato,1830.829388245567,1647.7464494210103,2013.9123270701239
2025-10-25,Kurukshetra,Tomato,1803.658149688879,1623.292334719991,1984.023964657767
2025-10-26,Kurukshetra,Tomato,1768.0158605550207,1591.2142744995188,1944.817446610523
2025-10-27,Kurukshetra,Tomato,1773.3373719396154,1596.003634745654,1950.6711091335771
2025-10-28,Kurukshetra,Tomato,1760.5885110685726,1584.5296599617154,1936.64736217543
2025-10-29,Kurukshetra,Tomato,1835.7881604977072,1652.2093444479365,2019.366976547478
2025-10-30,Kurukshetra,Tomato,1703.2396700780564,1532.9157030702509,1873.5636370858622
2025-10-31,Kurukshetra,Tomato,1757.8150126741796,1582.0335114067616,1933.5965139415978
2025-11-01,Kurukshetra,Tomato,1820.119272299061,1638.107345069155,2002.1311995289673
2025-11-02,Kurukshetra,Tomato,1716.4497606786535,1544.8047846107881,1888.094736746519
2025-11-03,Kurukshetra,Tomato,1699.3153809746361,1529.3838428771726,1869.2469190721
2025-11-04,Kurukshetra,Tomato,1680.7433376748465,1512.669003907362,1848.8176714423314
2025-11-05,Kurukshetra,Tomato,1610.3677529389556,1449.33097764506,1771.4045282328514
2025-11-06,Kurukshetra,Tomato,1571.4769185594118,1414.3292267034708,1728.6246104153531
2025-11-07,Kurukshetra,Tomato,1515.9481262861202,1364.3533136575081,1667.5429389147323
2025-11-08,Kurukshetra,Tomato,1603.5616484573015,1443.2054836115715,1763.9178133030318
2025-11-09,Kurukshetra,Tomato,1650.3455681146745,1485.3110113032071,1815.3801249261421
2025-11-10,Kurukshetra,Tomato,1713.9233228643825,1542.5309905779443,1885.315655150821
2025-11-11,Kurukshetra,Tomato,1750.006926066544,1575.0062334598897,1925.0076186731987
2025-11-12,Kurukshetra,Tomato,1693.5543375056827,1524.1989037551145,1862.9097712562511
2025-11-13,Kurukshetra,Tomato,1667.328324191694,1500.5954917725246,1834.0611566108637
2025-11-14,Kurukshetra,Tomato,1691.79705225309,1522.617347027781,1860.9767574783991
2025-11-15,Kurukshetra,Tomato,1630.6906618084927,1467.6215956276435,1793.759727989342
2025-11-16,Kurukshetra,Tomato,1666.340583317112,1499.7065249854008,1832.9746416488235
2025-11-17,Kurukshetra,Tomato,1654.3243134092054,1488.891882068285,1819.756744750126
2025-11-18,Kurukshetra,Tomato,1635.5832730317254,1472.024945728553,1799.1416003348982
2025-11-19,Kurukshetra,Tomato,1671.1312714419,1504.01814429771,1838.2443985860903
2025-11-20,Kurukshetra,Tomato,1693.344437016202,1524.0099933145818,1862.6788807178223
2025-11-21,Kurukshetra,Tomato,1675.2961287252479,1507.7665158527232,1842.8257415977728
2025-11-22,Kurukshetra,Tomato,1733.2626188934605,1559.9363570041146,1906.5888807828067
2025-11-23,Kurukshetra,Tomato,1679.2094525134655,1511.288507262119,1847.1303977648122
2025-11-24,Kurukshetra,Tomato,1710.0062328606787,1539.0056095746108,1881.0068561467467
2025-11-25,Kurukshetra,Tomato,1739.6612957590978,1565.6951661831881,1913.6274253350077
2025-11-26,Kurukshetra,Tomato,1724.1839737933983,1551.7655764140586,1896.6023711727382
2025-11-27,Kurukshetra,Tomato,1740.4906249055043,1566.441562414954,1914.539687396055
2025-11-28,Kurukshetra,Tomato,1677.934946086239,1510.1414514776152,1845.7284406948631
2025-11-29,Kurukshetra,Tomato,1724.1362970465843,1551.722667341926,1896.549926751243
2025-11-30,Kurukshetra,Tomato,1714.8911902244347,1543.4020712019912,1886.3803092468784
2025-12-01,Kurukshetra,Tomato,1688.7550391984828,1519.8795352786346,1857.6305431183312
2025-12-02,Kurukshetra,Tomato,1741.2055004903273,1567.0849504412945,1915.32605053936
2025-12-03,Kurukshetra,Tomato,1705.9883159631893,1535.3894843668704,1876.5871475595084
2025-12-04,Kurukshetra,Tomato,1635.5652511450112,1472.0087260305102,1799.1217762595124
2025-12-05,Kurukshetra,Tomato,1557.733792468816,1401.9604132219345,1713.507171715698
2025-12-06,Kurukshetra,Tomato,1588.0342900360981,1429.2308610324883,1746.8377190397082
2025-12-07,Kurukshetra,Tomato,1524.0128224112839,1371.6115401701554,1676.4141046524123
2025-12-08,Kurukshetra,Tomato,1611.7525315105022,1450.577278359452,1772.9277846615526
2025-12-09,Kurukshetra,Tomato,1507.656061116316,1356.8904550046846,1658.4216672279479
2025-12-10,Kurukshetra,Tomato,1592.478879530818,1433.2309915777362,1751.7267674839
2025-12-11,Kurukshetra,Tomato,1603.0297528909489,1442.726777601854,1763.332728180044
2025-12-12,Kurukshetra,Tomato,1598.1940972974294,1438.3746875676866,1758.0135070271724
2025-12-13,Kurukshetra,Tomato,1570.9481429569819,1413.8533286612837,1728.0429572526803
2025-12-14,Kurukshetra,Tomato,1590.9049486745853,1431.8144538071267,1749.9954435420439
2025-12-15,Kurukshetra,Tomato,1589.0232135533429,1430.1208921980087,1747.9255349086773
2025-12-16,Kurukshetra,Tomato,1644.188307654169,1479.769476888752,1808.607138419586
2025-12-17,Kurukshetra,Tomato,1649.899690087271,1484.909721078544,1814.8896590959982
2025-12-18,Kurukshetra,Tomato,1657.414778160365,1491.6733003443285,1823.1562559764016
2025-12-19,Kurukshetra,Tomato,1639.234167549672,1475.310750794705,1803.1575843046394
2025-12-20,Kurukshetra,Tomato,1636.3868863636187,1472.7481977272569,1800.0255749999808
2025-12-21,Kurukshetra,Tomato,1651.7769748082217,1486.5992773273995,1816.954672289044
2025-12-22,Kurukshetra,Tomato,1566.2685551753905,1409.6416996578514,1722.8954106929298
2025-12-23,Kurukshetra,Tomato,1498.8592840701049,1348.9733556630945,1648.7452124771155
2025-12-24,Kurukshetra,Tomato,1536.0224887712407,1382.4202398941165,1689.6247376483648
2025-12-25,Kurukshetra,Tomato,1544.5657606776376,1390.1091846098739,1699.0223367454016
2025-12-26,Kurukshetra,Tomato,1535.3665938600036,1381.8299344740033,1688.9032532460042
2025-12-27,Kurukshetra,Tomato,1536.2882905132733,1382.659461461946,1689.9171195646009
2025-12-28,Kurukshetra,Tomato,1553.667375781357,1398.3006382032213,1709.0341133594927
2025-12-29,Kurukshetra,Tomato,1526.6793917658888,1374.0114525893,1679.3473309424778
2025-12-30,Kurukshetra,Tomato,1487.7641554957731,1338.987739946196,1636.5405710453506
2025-12-31,Kurukshetra,Tomato,1497.5564182506573,1347.8007764255917,1647.3120600757231
2026-01-01,Kurukshetra,Tomato,1448.6377793699057,1303.7740014329152,1593.5015573068965
2026-01-02,Kurukshetra,Tomato,1469.0504171556292,1322.1453754400663,1615.9554588711924
2026-01-03,Kurukshetra,Tomato,1383.9212369437373,1245.5291132493637,1522.3133606381111
2026-01-04,Kurukshetra,Tomato,1435.3790188100193,1291.8411169290173,1578.9169206910212
2026-01-05,Kurukshetra,Tomato,1459.0088929306717,1313.1080036376045,1604.909782223739
2026-01-06,Kurukshetra,Tomato,1471.8103796463652,1324.6293416817286,1618.991417611002
2026-01-07,Kurukshetra,Tomato,1520.944928843641,1368.8504359592769,1673.0394217280052
2026-01-08,Kurukshetra,Tomato,1604.2186510667698,1443.7967859600928,1764.640516173447
2026-01-09,Kurukshetra,Tomato,1654.9371543176762,1489.4434388859086,1820.430869749444
2026-01-10,Kurukshetra,Tomato,1562.893442751094,1406.6040984759845,1719.1827870262034
2026-01-11,Kurukshetra,Tomato,1498.914594414309,1349.023134972878,1648.80605385574
2026-01-12,Kurukshetra,Tomato,1467.673665529525,1320.9062989765725,1614.4410320824775
2026-01-13,Kurukshetra,Tomato,1468.9782180400666,1322.08039623606,1615.8760398440734
2026-01-14,Kurukshetra,Tomato,1494.861169063523,1345.3750521571708,1644.3472859698754
2026-01-15,Kurukshetra,Tomato,1458.5739784058496,1312.7165805652646,1604.4313762464346
2026-01-16,Kurukshetra,Tomato,1467.9123166297036,1321.1210849667332,1614.703548292674
2026-01-17,Kurukshetra,Tomato,1430.1431700120374,1287.1288530108338,1573.1574870132413
2026-01-18,Kurukshetra,Tomato,1399.56727986244,1259.610551876196,1539.5240078486843
2026-01-19,Kurukshetra,Tomato,1329.234225020029,1196.310802518026,1462.157647522032
2026-01-20,Kurukshetra,Tomato,1283.0725627144839,1154.7653064430356,1411.3798189859324
2026-01-21,Kurukshetra,Tomato,1215.488332433667,1093.9394991903002,1337.0371656770337
2026-01-22,Kurukshetra,Tomato,1166.6946697848005,1050.0252028063205,1283.3641367632806
2026-01-23,Kurukshetra,Tomato,1219.3767596151924,1097.4390836536732,1341.3144355767117
2026-01-24,Kurukshetra,Tomato,1171.9068151735953,1054.7161336562358,1289.097496690955
2026-01-25,Kurukshetra,Tomato,1303.5259184154647,1173.1733265739183,1433.8785102570114
2026-01-26,Kurukshetra,Tomato,1328.1918134595094,1195.3726321135584,1461.0109948054605
2026-01-27,Kurukshetra,Tomato,1337.433619644253,1203.6902576798277,1471.1769816086785
2026-01-28,Kurukshetra,Tomato,1294.5157306351923,1165.0641575716731,1423.9673036987117
2026-01-29,Kurukshetra,Tomato,1329.531224605642,1196.5781021450778,1462.4843470662063
2026-01-30,Kurukshetra,Tomato,1300.7493332937534,1170.6743999643782,1430.8242666231288
2026-01-31,Kurukshetra,Tomato,1306.8498240260215,1176.1648416234193,1437.5348064286238
2026-02-01,Kurukshetra,Tomato,1434.854050939461,1291.368645845515,1578.3394560334073
2026-02-02,Kurukshetra,Tomato,1430.0510559532286,1287.0459503579057,1573.0561615485515
2026-02-03,Kurukshetra,Tomato,1487.5147222675123,1338.763250040761,1636.2661944942636
2026-02-04,Kurukshetra,Tomato,1452.355901011218,1307.1203109100964,1597.59149111234
2026-02-05,Kurukshetra,Tomato,1450.60647648637,1305.545828837733,1595.667124135007
2026-02-06,Kurukshetra,Tomato,1539.1465082681455,1385.231857441331,1693.0611590949602
2026-02-07,Kurukshetra,Tomato,1507.7981553787572,1357.0183398408815,1658.5779709166331
2026-02-08,Kurukshetra,Tomato,1598.4205832786035,1438.5785249507433,1758.262641606464
2026-02-09,Kurukshetra,Tomato,1633.8081800513773,1470.4273620462398,1797.1889980565152
2026-02-10,Kurukshetra,Tomato,1605.684841256664,1445.1163571309976,1766.2533253823306
2026-02-11,Kurukshetra,Tomato,1637.30522820944,1473.574705388496,1801.035751030384
2026-02-12,Kurukshetra,Tomato,1685.9329506907766,1517.339655621699,1854.5262457598544
2026-02-13,Kurukshetra,Tomato,1717.0234488016363,1545.3211039214727,1888.7257936818
2026-02-14,Kurukshetra,Tomato,1638.5122128071134,1474.660991526402,1802.363434087825
2026-02-15,Kurukshetra,Tomato,1602.15535401587,1441.939818614283,1762.3708894174572
2026-02-16,Kurukshetra,Tomato,1589.7794222382947,1430.8014800144654,1748.7573644621243
2026-02-17,Kurukshetra,Tomato,1586.0577507832925,1427.4519757049632,1744.6635258616218
2026-02-18,Kurukshetra,Tomato,1617.0913556608264,1455.3822200947438,1778.8004912269091
2026-02-19,Kurukshetra,Tomato,1625.976405707489,1463.3787651367402,1788.574046278238
2026-02-20,Kurukshetra,Tomato,1559.209187771984,1403.2882689947858,1715.1301065491825
2026-02-21,Kurukshetra,Tomato,1578.219080322282,1420.397172290054,1736.0409883545103
2026-02-22,Kurukshetra,Tomato,1608.7483675864733,1447.873530827826,1769.6232043451207
2026-02-23,Kurukshetra,Tomato,1636.7378899830253,1473.0641009847227,1800.411678981328
2026-02-24,Kurukshetra,Tomato,1690.7769262607562,1521.6992336346807,1859.854618886832
2026-02-25,Kurukshetra,Tomato,1732.4730339882017,1559.2257305893816,1905.720337387022
2026-02-26,Kurukshetra,Tomato,1755.4320379496235,1579.8888341546613,1930.975241744586
2026-02-27,Kurukshetra,Tomato,1751.923752376691,1576.731377139022,1927.1161276143603
2026-02-28,Kurukshetra,Tomato,1668.8757057008916,1501.9881351308024,1835.763276270981
